t,Ax,Ay,Yaw_rate,Vx,Steer,Slip_FL,Slip_FR,Slip_RL,Slip_RR,Beta
0,0,0,0,0,0,0,0,0,0,0
0.02,-0.194200074860523,9.50290812180665e-19,3.73971827224704e-19,79.9867964174626,1.36395159160561e-17,-0.000210362917962397,-0.000210362917962397,-0.000218562270542891,-0.000218562270542891,9.70457883696358e-21
0.04,-0.194200074860523,9.50290812180665e-19,3.73971827224704e-19,79.9867964174626,1.36395159160561e-17,-0.000210362917962397,-0.000210362917962397,-0.000218562270542891,-0.000218562270542891,9.70457883696358e-21
0.06,-0.181036642838103,4.37821973657172e-18,9.95296679360538e-18,79.959496578688,-3.05101658883169e-17,-0.000130847128341484,-0.000130847128341484,-0.000219262473691635,-0.000219262473691635,4.45304256558463e-19
0.08,-0.181036642838103,4.37821973657172e-18,9.95296679360538e-18,79.959496578688,-3.05101658883169e-17,-0.000130847128341484,-0.000130847128341484,-0.000219262473691635,-0.000219262473691635,4.45304256558463e-19
0.1,-0.142509691644821,6.14098314052682e-17,2.64698733565035e-18,79.9357064345004,1.13594763263861e-16,0.000109416223484567,0.000109416223484567,-0.00022321359220749,-0.00022321359220749,2.33596051918851e-18
0.12,-0.142509691644821,6.14098314052682e-17,2.64698733565035e-18,79.9357064345004,1.13594763263861e-16,0.000109416223484567,0.000109416223484567,-0.00022321359220749,-0.00022321359220749,2.33596051918851e-18
0.14,-0.0465704052192839,1.35878205334507e-16,-7.15278875878597e-18,79.921501393367,1.71290991260791e-16,0.000713143667399962,0.000713143667399962,-0.000235430904820897,-0.000235430904820897,1.0574258213024e-17
0.16,-0.0465704052192839,1.35878205334507e-16,-7.15278875878597e-18,79.921501393367,1.71290991260791e-16,0.000713143667399962,0.000713143667399962,-0.000235430904820897,-0.000235430904820897,1.0574258213024e-17
0.18,0.0532692077524782,-1.27719005178511e-16,-9.89490469824613e-17,79.9224637817819,2.349681586237e-16,0.00134492472504416,0.00134492472504416,-0.000248523095728901,-0.000248523095728901,1.46125074845553e-17
0.2,0.0532692077524782,-1.27719005178511e-16,-9.89490469824613e-17,79.9224637817819,2.349681586237e-16,0.00134492472504416,0.00134492472504416,-0.000248523095728901,-0.000248523095728901,1.46125074845553e-17
0.22,0.0883971108958072,-3.6914116343064e-16,-1.59757613028249e-16,79.9336260343683,6.00906391123954e-16,0.0015704732789386,0.0015704732789386,-0.000252985212298479,-0.000252985212298479,-4.37429554901816e-18
0.24,0.0883971108958072,-3.6914116343064e-16,-1.59757613028249e-16,79.9336260343683,6.00906391123954e-16,0.0015704732789386,0.0015704732789386,-0.000252985212298479,-0.000252985212298479,-4.37429554901816e-18
0.26,0.053912914923183,-8.18847239001868e-16,-2.46473029890708e-16,79.9445152495269,8.96770438143941e-16,0.00135411436554691,0.00135411436554691,-0.000248998550177235,-0.000248998550177235,-5.54744351301729e-17
0.28,0.053912914923183,-8.18847239001868e-16,-2.46473029890708e-16,79.9445152495269,8.96770438143941e-16,0.00135411436554691,0.00135411436554691,-0.000248998550177235,-0.000248998550177235,-5.54744351301729e-17
0.3,-0.00634079611712077,-1.91034428736464e-15,-1.9749282353718e-15,79.947919045087,5.15845427281997e-15,0.00097232096869322,0.00097232096869338,-0.000242119297198593,-0.000242119297198593,-1.55871400702147e-16
0.32,-0.00634079611712077,-1.91034428736464e-15,-1.9749282353718e-15,79.947919045087,5.15845427281997e-15,0.00097232096869322,0.00097232096869338,-0.000242119297198593,-0.000242119297198593,-1.55871400702147e-16
0.34,-0.0432022995598798,3.07973226022132e-15,2.02335085428903e-15,79.9438668433678,-3.17856366437499e-15,0.000738499777974806,0.000738499777974806,-0.00023799360466953,-0.00023799360466953,-1.121792296211e-16
0.36,-0.0432022995598798,3.07973226022132e-15,2.02335085428903e-15,79.9438668433678,-3.17856366437499e-15,0.000738499777974806,0.000738499777974806,-0.00023799360466953,-0.00023799360466953,-1.121792296211e-16
0.38,-0.0375784442440013,2.31582788091528e-16,3.85518390055921e-15,79.9375674687604,-1.27235040930918e-14,0.00077281542386156,0.00077281542386156,-0.000238892980813675,-0.000238892980813675,-1.17668164052044e-16
0.4,-0.0375784442440013,2.31582788091528e-16,3.85518390055921e-15,79.9375674687604,-1.27235040930918e-14,0.00077281542386156,0.00077281542386156,-0.000238892980813675,-0.000238892980813675,-1.17668164052044e-16
0.42,-0.00465162007310309,1.86829871093571e-15,3.7634689965007e-15,79.9343726239787,-1.84958034515953e-14,0.000979738628391649,0.000979738628391649,-0.000243065120475169,-0.000243065120475169,-2.02816867130733e-16
0.44,-0.00465162007310309,1.86829871093571e-15,3.7634689965007e-15,79.9343726239787,-1.84958034515953e-14,0.000979738628391649,0.000979738628391649,-0.000243065120475169,-0.000243065120475169,-2.02816867130733e-16
0.46,0.0255996891970166,-1.236115981541e-15,1.17715769651467e-15,79.9360802922553,-1.68676899945051e-14,0.00117157814835417,0.00117157814835417,-0.000246929542773369,-0.000246929542773369,-2.74124324019662e-16
0.48,0.0255996891970166,-1.236115981541e-15,1.17715769651467e-15,79.9360802922553,-1.68676899945051e-14,0.00117157814835417,0.00117157814835417,-0.000246929542773369,-0.000246929542773369,-2.74124324019662e-16
0.5,0.0327718864641479,1.76436943251771e-15,-4.00590596347044e-15,79.9406034195902,-8.04799799200851e-16,0.00121870834436284,0.00121870834436284,-0.000248030087542962,-0.000248030087542962,-2.13645550668414e-16
0.52,0.0327718864641479,1.76436943251771e-15,-4.00590596347044e-15,79.9406034195902,-8.04799799200851e-16,0.00121870834436284,0.00121870834436284,-0.000248030087542962,-0.000248030087542962,-2.13645550668414e-16
0.54,0.0180743287371315,-9.02033209080797e-16,-6.65093540460011e-15,79.9444494669034,8.27053797618667e-15,0.00112701801138215,0.00112701801138215,-0.000246464654662758,-0.000246464654662758,7.92792610695684e-17
0.56,0.0180743287371315,-9.02033209080797e-16,-6.65093540460011e-15,79.9444494669034,8.27053797618667e-15,0.00112701801138215,0.00112701801138215,-0.000246464654662758,-0.000246464654662758,7.92792610695684e-17
0.58,-0.00239231188627975,1.8161128144355e-15,-1.74156447292044e-15,79.9455371030433,5.68514360179956e-15,0.000997921513145339,0.000997921513145339,-0.00024414128180457,-0.00024414128180457,2.15255616649499e-16
0.6,-0.00239231188627975,1.8161128144355e-15,-1.74156447292044e-15,79.9455371030433,5.68514360179956e-15,0.000997921513145339,0.000997921513145339,-0.00024414128180457,-0.00024414128180457,2.15255616649499e-16
0.62,-0.0129239492185257,-6.73043520677105e-16,-2.97140382810973e-15,79.9442572623428,1.06780670158467e-14,0.000931062667112347,0.000931062667112347,-0.000242966954769014,-0.000242966954769014,3.45755245697761e-16
0.64,-0.0129239492185257,-6.73043520677105e-16,-2.97140382810973e-15,79.9442572623428,1.06780670158467e-14,0.000931062667112347,0.000931062667112347,-0.000242966954769014,-0.000242966954769014,3.45755245697761e-16
0.66,-0.00896391293791298,-8.08748490176503e-16,-2.21999968345858e-15,79.9425278420786,1.3088613688883e-14,0.00095552867539919,0.00095552867539887,-0.000243541359951843,-0.000243541359951843,3.27897714929417e-16
0.68,-0.00896391293791298,-8.08748490176503e-16,-2.21999968345858e-15,79.9425278420786,1.3088613688883e-14,0.00095552867539919,0.00095552867539887,-0.000243541359951843,-0.000243541359951843,3.27897714929417e-16
0.7,0.00282961966586744,-3.40042309199948e-16,-3.25936734009599e-15,79.9420559099298,1.96208422657684e-14,0.00102977494204728,0.00102977494204728,-0.000245047817143352,-0.000245047817143352,2.9999535026941e-16
0.72,0.00282961966586744,-3.40042309199948e-16,-3.25936734009599e-15,79.9420559099298,1.96208422657684e-14,0.00102977494204728,0.00102977494204728,-0.000245047817143352,-0.000245047817143352,2.9999535026941e-16
0.74,0.0121633101142696,-5.10604364285092e-16,1.07604764145779e-16,79.9432168828737,1.3359803802816e-14,0.0010890979900102,0.00108909799001004,-0.000246264530624821,-0.000246264530624821,3.38877791086435e-16
0.76,0.0121633101142696,-5.10604364285092e-16,1.07604764145779e-16,79.9432168828737,1.3359803802816e-14,0.0010890979900102,0.00108909799001004,-0.000246264530624821,-0.000246264530624821,3.38877791086435e-16
0.78,0.0131980380376983,4.91207817850571e-16,-5.25915461343302e-16,79.9451498185829,1.81655955778094e-14,0.00109629396465305,0.00109629396465305,-0.000246473151296962,-0.000246473151296962,3.85461943817118e-16
0.8,0.0131980380376983,4.91207817850571e-16,-5.25915461343302e-16,79.9451498185829,1.81655955778094e-14,0.00109629396465305,0.00109629396465305,-0.000246473151296962,-0.000246473151296962,3.85461943817118e-16
0.82,0.00742858655359072,-6.58272959044971e-16,1.07818459238755e-15,79.946686431635,1.50344086926381e-14,0.00106033316885662,0.00106033316885662,-0.000245848018270045,-0.000245848018270045,3.67165203588759e-16
0.84,0.00742858655359072,-6.58272959044971e-16,1.07818459238755e-15,79.946686431635,1.50344086926381e-14,0.00106033316885662,0.00106033316885662,-0.000245848018270045,-0.000245848018270045,3.67165203588759e-16
0.86,0.000666017191554629,8.92869487080672e-16,1.36385331383171e-15,79.9472449074253,1.44222548811186e-14,0.00101775952523455,0.00101775952523455,-0.000245083161764932,-0.000245083161764932,2.59380648321937e-16
0.88,0.000666017191554629,8.92869487080672e-16,1.36385331383171e-15,79.9472449074253,1.44222548811186e-14,0.00101775952523455,0.00101775952523455,-0.000245083161764932,-0.000245083161764932,2.59380648321937e-16
0.9,-0.00216642855099135,-3.03066065488321e-16,3.30783205257714e-15,79.9470743470217,7.76619321472596e-15,0.000999764169353179,0.000999764169353179,-0.000244776347647035,-0.000244776347647035,2.03280896240573e-16
0.92,-0.00216642855099135,-3.03066065488321e-16,3.30783205257714e-15,79.9470743470217,7.76619321472596e-15,0.000999764169353179,0.000999764169353179,-0.000244776347647035,-0.000244776347647035,2.03280896240573e-16
0.94,-0.000194380915930808,5.09745674495256e-18,1.80464974608111e-15,79.9468574382332,8.4950724601768e-15,0.00101205586210562,0.00101205586210562,-0.000245063154282345,-0.000245063154282345,1.34128869974468e-17
0.96,-0.000194380915930808,5.09745674495256e-18,1.80464974608111e-15,79.9468574382332,8.4950724601768e-15,0.00101205586210562,0.00101205586210562,-0.000245063154282345,-0.000245063154282345,1.34128869974468e-17
0.98,0.00389990433260191,1.26914590307803e-15,-1.45431200262738e-15,79.9471213806846,1.96069622697569e-14,0.00103789672700323,0.00103789672700323,-0.000245582486606336,-0.000245582486606336,1.56093020452273e-16
1,0.00389990433260191,1.26914590307803e-15,-1.45431200262738e-15,79.9471213806846,1.96069622697569e-14,0.00103789672700323,0.00103789672700323,-0.000245582486606336,-0.000245582486606336,1.56093020452273e-16
1.02,-0.000192559758376358,3.56274978067023e-16,6.64734324045742e-16,79.9479187227279,1.41725026270486e-14,0.00102149613619602,0.0010214961361957,-0.000259960846809477,-0.000259960846809477,1.59062711338395e-16
1.04,-0.000192559758376358,3.56274978067023e-16,6.64734324045742e-16,79.9479187227279,1.41725026270486e-14,0.00102149613619602,0.0010214961361957,-0.000259960846809477,-0.000259960846809477,1.59062711338395e-16
1.06,-0.114512519601658,-6.45176583127144e-18,3.28642479479536e-15,79.9406194529782,5.3817557302369e-15,0.000594057371088982,0.000594057371088982,-0.000727277032388621,-0.000727277032388621,2.80098314508497e-16
1.08,-0.114512519601658,-6.45176583127144e-18,3.28642479479536e-15,79.9406194529782,5.3817557302369e-15,0.000594057371088982,0.000594057371088982,-0.000727277032388621,-0.000727277032388621,2.80098314508497e-16
1.1,-0.252911114913335,-1.315377739592e-15,3.020835205365e-15,79.913807098594,4.69975115985004e-15,0.000186300865857934,0.000186300865857774,-0.00149233616333407,-0.00149233616333407,-3.57448527008131e-17
1.12,-0.252911114913335,-1.315377739592e-15,3.020835205365e-15,79.913807098594,4.69975115985004e-15,0.000186300865857934,0.000186300865857774,-0.00149233616333407,-0.00149233616333407,-3.57448527008131e-17
1.14,-0.334509700068189,1.53969538315821e-15,2.39819221111997e-16,79.8706201165268,1.08479792108794e-14,0.000224785410782195,0.000224785410782195,-0.0024332198827231,-0.0024332198827231,4.03202500651599e-17
1.16,-0.334509700068189,1.53969538315821e-15,2.39819221111997e-16,79.8706201165268,1.08479792108794e-14,0.000224785410782195,0.000224785410782195,-0.0024332198827231,-0.0024332198827231,4.03202500651599e-17
1.18,-0.371483984148818,8.67471884982439e-16,3.82903709348325e-15,79.8194961029572,-8.81191279697822e-16,0.000585378190998104,0.000585378190998104,-0.00345964637098521,-0.00345964637098521,1.10271348468617e-16
1.2,-0.371483984148818,8.67471884982439e-16,3.82903709348325e-15,79.8194961029572,-8.81191279697822e-16,0.000585378190998104,0.000585378190998104,-0.00345964637098521,-0.00345964637098521,1.10271348468617e-16
1.22,-0.386681493493102,8.72621615478019e-17,9.75328248259911e-16,79.7650683041991,1.88036415456724e-15,0.00110344316738823,0.00110344316738823,-0.0045165156546717,-0.0045165156546717,7.33880828063483e-18
1.24,-0.386681493493102,8.72621615478019e-17,9.75328248259911e-16,79.7650683041991,1.88036415456724e-15,0.00110344316738823,0.00110344316738823,-0.0045165156546717,-0.0045165156546717,7.33880828063483e-18
1.26,-0.482512608091726,8.46410766115271e-16,-6.56286226406948e-16,79.703572551218,4.94298713940268e-15,0.0011342903889144,0.0011342903889144,-0.00558531994752523,-0.00558531994752523,6.29631463258795e-17
1.28,-0.482512608091726,8.46410766115271e-16,-6.56286226406948e-16,79.703572551218,4.94298713940268e-15,0.0011342903889144,0.0011342903889144,-0.00558531994752523,-0.00558531994752523,6.29631463258795e-17
1.3,-0.640188388651216,2.23918605328779e-15,-2.11753484802527e-15,79.6231111021935,1.1150770767068e-14,0.000783978095139916,0.000783978095140077,-0.00669813837044716,-0.00669813837044716,2.57936719401846e-16
1.32,-0.640188388651216,2.23918605328779e-15,-2.11753484802527e-15,79.6231111021935,1.1150770767068e-14,0.000783978095139916,0.000783978095140077,-0.00669813837044716,-0.00669813837044716,2.57936719401846e-16
1.34,-0.812442145953736,1.12378039625253e-15,7.11685150644216e-16,79.5184167489349,9.20042696220935e-15,0.000348412013931212,0.000348412013931051,-0.00786776856382198,-0.00786776856382198,5.50958048290881e-16
1.36,-0.812442145953736,1.12378039625253e-15,7.11685150644216e-16,79.5184167489349,9.20042696220935e-15,0.000348412013931212,0.000348412013931051,-0.00786776856382198,-0.00786776856382198,5.50958048290881e-16
1.38,-0.983857012796693,-1.78206337609968e-15,3.48153584392722e-15,79.388950497979,-4.5063357321565e-15,-8.87061824741879e-05,-8.87061824741879e-05,-0.00906000045041387,-0.00906000045041387,2.92044673812393e-16
1.4,-0.983857012796693,-1.78206337609968e-15,3.48153584392722e-15,79.388950497979,-4.5063357321565e-15,-8.87061824741879e-05,-8.87061824741879e-05,-0.00906000045041387,-0.00906000045041387,2.92044673812393e-16
1.42,-1.21815332117882,2.84893741841114e-16,4.8952526525327e-15,79.2308429892713,-1.02972284761008e-14,-0.00101722919205833,-0.00101722919205833,-0.0100233678836241,-0.0100233678836241,1.68156299150022e-16
1.44,-1.21815332117882,2.84893741841114e-16,4.8952526525327e-15,79.2308429892713,-1.02972284761008e-14,-0.00101722919205833,-0.00101722919205833,-0.0100233678836241,-0.0100233678836241,1.68156299150022e-16
1.46,-1.51282393143608,-7.38382773803917e-16,9.62931297714082e-15,79.0361458313068,-2.75787904578216e-14,-0.00245377532819116,-0.00245377532819116,-0.0107525956780439,-0.0107525956780439,-2.67640995088467e-16
1.48,-1.51282393143608,-7.38382773803917e-16,9.62931297714082e-15,79.0361458313068,-2.75787904578216e-14,-0.00245377532819116,-0.00245377532819116,-0.0107525956780439,-0.0107525956780439,-2.67640995088467e-16
1.5,-1.84051574267969,-2.45385429944827e-16,2.78453193307469e-15,78.7937723398737,-2.31459466917937e-14,-0.00414181871238413,-0.00414181871238413,-0.0114155946216185,-0.0114155946216187,-4.85572928630362e-16
1.52,-1.84051574267969,-2.45385429944827e-16,2.78453193307469e-15,78.7937723398737,-2.31459466917937e-14,-0.00414181871238413,-0.00414181871238413,-0.0114155946216185,-0.0114155946216187,-4.85572928630362e-16
1.54,-2.0704901183596,1.06350391568254e-15,2.7272371598328e-15,78.5107985107205,-2.80873694796285e-14,-0.00524979941863956,-0.00524979941863939,-0.0120569956795127,-0.0120569956795127,-6.58096130633173e-16
1.56,-2.0704901183596,1.06350391568254e-15,2.7272371598328e-15,78.5107985107205,-2.80873694796285e-14,-0.00524979941863956,-0.00524979941863939,-0.0120569956795127,-0.0120569956795127,-6.58096130633173e-16
1.58,-2.20547934858665,-6.95973340422878e-17,2.0676247846543e-15,78.2016606626354,-3.08274103994002e-14,-0.00580853885661833,-0.00580853885661817,-0.0125918807604063,-0.0125918807604067,-5.44312627250859e-16
1.6,-2.20547934858665,-6.95973340422878e-17,2.0676247846543e-15,78.2016606626354,-3.08274103994002e-14,-0.00580853885661833,-0.00580853885661817,-0.0125918807604063,-0.0125918807604067,-5.44312627250859e-16
1.62,-2.26512686361815,8.4068329778272e-16,-1.1322820009714e-16,77.8788746413029,-3.11073609732772e-14,-0.00595223011239522,-0.00595223011239522,-0.0130155226171095,-0.0130155226171091,-5.57623815015961e-16
1.64,-2.26512686361815,8.4068329778272e-16,-1.1322820009714e-16,77.8788746413029,-3.11073609732772e-14,-0.00595223011239522,-0.00595223011239522,-0.0130155226171095,-0.0130155226171091,-5.57623815015961e-16
1.66,-2.28478062360893,-2.34055634463088e-15,-5.72998528097215e-15,77.5508339990842,-1.57455699037808e-14,-0.00588423113708568,-0.00588423113708568,-0.0133924746596039,-0.0133924746596039,-4.55714212000872e-16
1.68,-2.28478062360893,-2.34055634463088e-15,-5.72998528097215e-15,77.5508339990842,-1.57455699037808e-14,-0.00588423113708568,-0.00588423113708568,-0.0133924746596039,-0.0133924746596039,-4.55714212000872e-16
1.7,-2.12491022212156,2.07255882532416e-15,-5.23111100734003e-15,77.2259829330062,-1.16031538242382e-14,-0.00477081234354042,-0.00477081234354059,-0.0137839035713941,-0.0137839035713941,-2.7231271882711e-16
1.72,-2.12491022212156,2.07255882532416e-15,-5.23111100734003e-15,77.2259829330062,-1.16031538242382e-14,-0.00477081234354042,-0.00477081234354059,-0.0137839035713941,-0.0137839035713941,-2.7231271882711e-16
1.74,-1.69960932176408,-1.90566431158807e-15,-1.69388861445838e-15,76.9508346587659,-1.87832730510157e-14,-0.00208845300398894,-0.00208845300398877,-0.0140401825614061,-0.0140401825614059,-1.11279285514679e-16
1.76,-1.69960932176408,-1.90566431158807e-15,-1.69388861445838e-15,76.9508346587659,-1.87832730510157e-14,-0.00208845300398894,-0.00208845300398877,-0.0140401825614061,-0.0140401825614059,-1.11279285514679e-16
1.78,-1.40491733801472,1.40987209975681e-15,-1.11308428002305e-15,76.7296535307051,-1.85197906677406e-14,-0.000165797092509566,-0.000165797092509566,-0.0140218635221151,-0.0140218635221151,-1.77002780253597e-16
1.8,-1.40491733801472,1.40987209975681e-15,-1.11308428002305e-15,76.7296535307051,-1.85197906677406e-14,-0.000165797092509566,-0.000165797092509566,-0.0140218635221151,-0.0140218635221151,-1.77002780253597e-16
1.82,-1.33960148492491,-2.1349687239395e-15,-4.6814226239546e-15,76.5347356516047,-9.23871432557843e-15,0.000420441985115444,0.000420441985115778,-0.0141029390666036,-0.0141029390666036,-2.7038306168566e-16
1.84,-1.33960148492491,-2.1349687239395e-15,-4.6814226239546e-15,76.5347356516047,-9.23871432557843e-15,0.000420441985115444,0.000420441985115778,-0.0141029390666036,-0.0141029390666036,-2.7038306168566e-16
1.86,-1.48287190165942,1.07667909789565e-15,-4.00647717650865e-15,76.3334756844832,-2.61389301347988e-15,-0.000296543274263338,-0.000296543274263505,-0.01448497976598,-0.01448497976598,-1.07867639079987e-16
1.88,-1.48287190165942,1.07667909789565e-15,-4.00647717650865e-15,76.3334756844832,-2.61389301347988e-15,-0.000296543274263338,-0.000296543274263505,-0.01448497976598,-0.01448497976598,-1.07867639079987e-16
1.9,-1.75452955317886,-7.29951292621642e-16,-2.53225116479163e-15,76.1012007170586,-5.19175536892721e-15,-0.0017517455309341,-0.0017517455309341,-0.015070823103724,-0.015070823103724,-6.93963392966119e-17
1.92,-1.75452955317886,-7.29951292621642e-16,-2.53225116479163e-15,76.1012007170586,-5.19175536892721e-15,-0.0017517455309341,-0.0017517455309341,-0.015070823103724,-0.015070823103724,-6.93963392966119e-17
1.94,-2.06816308613416,3.84066984211119e-16,-1.33608950790789e-15,75.8258538110654,-3.71623256879431e-15,-0.00342454460749559,-0.00342454460749559,-0.0156945742720648,-0.015694574272065,7.80407109105462e-17
1.96,-2.06816308613416,3.84066984211119e-16,-1.33608950790789e-15,75.8258538110654,-3.71623256879431e-15,-0.00342454460749559,-0.00342454460749559,-0.0156945742720648,-0.015694574272065,7.80407109105462e-17
1.98,-2.36412317443097,-8.95656335671887e-16,-7.81000456687325e-15,75.5060743320043,1.53363877718791e-14,-0.00495586321528721,-0.00495586321528721,-0.0162940936797482,-0.0162940936797482,6.57820205572222e-17
2,-2.36412317443097,-8.95656335671887e-16,-7.81000456687325e-15,75.5060743320043,1.53363877718791e-14,-0.00495586321528721,-0.00495586321528721,-0.0162940936797482,-0.0162940936797482,6.57820205572222e-17
2.02,-2.60503982437836,-9.71875527884249e-16,-7.33762000690531e-15,75.1469225157261,2.56287933820847e-14,-0.00615490571427746,-0.00615490571427746,-0.0168626826476088,-0.016862682647609,3.81064466727207e-16
2.04,-2.60503982437836,-9.71875527884249e-16,-7.33762000690531e-15,75.1469225157261,2.56287933820847e-14,-0.00615490571427746,-0.00615490571427746,-0.0168626826476088,-0.016862682647609,3.81064466727207e-16
2.06,-2.72780927664421,-5.55241295841957e-16,-4.85059816462526e-15,74.7614432355624,3.11448701078434e-14,-0.00673615915025504,-0.00673615915025504,-0.0172605588726914,-0.0172605588726912,4.6008403978779e-16
2.08,-2.72780927664421,-5.55241295841957e-16,-4.85059816462526e-15,74.7614432355624,3.11448701078434e-14,-0.00673615915025504,-0.00673615915025504,-0.0172605588726914,-0.0172605588726912,4.6008403978779e-16
2.1,-2.77232191425708,-1.75388298920038e-15,2.17940847476456e-15,74.3645103578148,1.31684444894807e-14,-0.00693046018161168,-0.00693046018161151,-0.0174520153726404,-0.0174520153726404,5.54162681126596e-16
2.12,-2.77232191425708,-1.75388298920038e-15,2.17940847476456e-15,74.3645103578148,1.31684444894807e-14,-0.00693046018161168,-0.00693046018161151,-0.0174520153726404,-0.0174520153726404,5.54162681126596e-16
2.14,-2.77876511267263,-3.13975558558666e-16,4.67927558974152e-15,73.9642846992769,5.29330357074663e-15,-0.00694961055510819,-0.00694961055510819,-0.0175019094779718,-0.0175019094779718,2.50444542790907e-16
2.16,-2.77876511267263,-3.13975558558666e-16,4.67927558974152e-15,73.9642846992769,5.29330357074663e-15,-0.00694961055510819,-0.00694961055510819,-0.0175019094779718,-0.0175019094779718,2.50444542790907e-16
2.18,-2.77186374211027,-2.82556238879301e-15,2.56211961031732e-15,73.5643110680377,4.86836516084256e-15,-0.00691207946412094,-0.00691207946412077,-0.0175106413276248,-0.0175106413276248,9.29975465431045e-17
2.2,-2.77186374211027,-2.82556238879301e-15,2.56211961031732e-15,73.5643110680377,4.86836516084256e-15,-0.00691207946412094,-0.00691207946412077,-0.0175106413276248,-0.0175106413276248,9.29975465431045e-17
2.22,-2.76457110652265,1.55177196162478e-15,9.30144560078842e-16,73.1654559202109,1.16057653298977e-14,-0.00687643379968688,-0.0068764337996867,-0.0175202565985609,-0.0175202565985609,-9.0212822533137e-17
2.24,-2.76457110652265,1.55177196162478e-15,9.30144560078842e-16,73.1654559202109,1.16057653298977e-14,-0.00687643379968688,-0.0068764337996867,-0.0175202565985609,-0.0175202565985609,-9.0212822533137e-17
2.26,-2.76133370651187,-4.07735244739532e-16,5.29264364584673e-15,72.7673756254814,-3.04328661180502e-15,-0.00686323420232571,-0.00686323420232588,-0.0175276577712435,-0.0175276577712434,-1.08792774152767e-16
2.28,-2.76133370651187,-4.07735244739532e-16,5.29264364584673e-15,72.7673756254814,-3.04328661180502e-15,-0.00686323420232571,-0.00686323420232588,-0.0175276577712435,-0.0175276577712434,-1.08792774152767e-16
2.3,-2.76181097220261,1.346652166215e-15,4.07062142347899e-15,72.3694741047289,-7.84621087747992e-16,-0.00687078703107405,-0.00687078703107405,-0.0175292659136998,-0.0175292659136998,-2.97924633232076e-16
2.32,-2.76181097220261,1.346652166215e-15,4.07062142347899e-15,72.3694741047289,-7.84621087747992e-16,-0.00687078703107405,-0.00687078703107405,-0.0175292659136998,-0.0175292659136998,-2.97924633232076e-16
2.34,-2.76397102432726,-3.4522865073398e-16,2.76488164725054e-15,71.9713560180637,-3.2043747133637e-15,-0.00688822935693769,-0.00688822935693769,-0.0175298024945942,-0.017529802494594,-3.49418835364539e-16
2.36,-2.76397102432726,-3.4522865073398e-16,2.76488164725054e-15,71.9713560180637,-3.2043747133637e-15,-0.00688822935693769,-0.00688822935693769,-0.0175298024945942,-0.017529802494594,-3.49418835364539e-16
2.38,-2.76590095126941,1.39975319709342e-15,2.05965928215216e-15,71.5729243760135,-4.44529605480717e-15,-0.00690485564408175,-0.00690485564408157,-0.0175320265303313,-0.0175320265303315,-3.59565830817613e-16
2.4,-2.76590095126941,1.39975319709342e-15,2.05965928215216e-15,71.5729243760135,-4.44529605480717e-15,-0.00690485564408175,-0.00690485564408157,-0.0175320265303313,-0.0175320265303315,-3.59565830817613e-16
2.42,-2.76651484996411,-1.29371085811994e-15,-1.08345390358209e-15,71.1743018742728,-1.59551372149275e-15,-0.00691448931200535,-0.00691448931200553,-0.0175342668975497,-0.0175342668975497,-2.7156663476382e-16
2.44,-2.76651484996411,-1.29371085811994e-15,-1.08345390358209e-15,71.1743018742728,-1.59551372149275e-15,-0.00691448931200535,-0.00691448931200553,-0.0175342668975497,-0.0175342668975497,-2.7156663476382e-16
2.46,-2.76560198013908,1.52860688127691e-15,7.07824104446264e-17,70.7757026361004,-2.45018375734152e-15,-0.00691586049988122,-0.00691586049988122,-0.0175346966197434,-0.0175346966197434,-2.69719246698078e-16
2.48,-2.76560198013908,1.52860688127691e-15,7.07824104446264e-17,70.7757026361004,-2.45018375734152e-15,-0.00691586049988122,-0.00691586049988122,-0.0175346966197434,-0.0175346966197434,-2.69719246698078e-16
2.5,-2.76354742864211,1.56267477012692e-15,-1.16340731393989e-15,70.3773238910743,-2.01885048101045e-15,-0.0069109844087449,-0.00691098440874508,-0.0175334012049662,-0.0175334012049662,-1.05224819820635e-16
2.52,-2.76354742864211,1.56267477012692e-15,-1.16340731393989e-15,70.3773238910743,-2.01885048101045e-15,-0.0069109844087449,-0.00691098440874508,-0.0175334012049662,-0.0175334012049662,-1.05224819820635e-16
2.54,-2.76096273816852,1.1007312606344e-15,1.0967308148276e-15,69.9792867581647,-9.94853604633732e-15,-0.00690315588284776,-0.00690315588284794,-0.0175313182720571,-0.0175313182720571,5.40266736867911e-17
2.56,-2.76096273816852,1.1007312606344e-15,1.0967308148276e-15,69.9792867581647,-9.94853604633732e-15,-0.00690315588284776,-0.00690315588284794,-0.0175313182720571,-0.0175313182720571,5.40266736867911e-17
2.58,-2.75837868755099,-2.08552230198992e-15,-7.3369213613531e-16,69.5816269747941,-8.95513507263114e-15,-0.00689527368355119,-0.006895273683551,-0.0175291712511824,-0.0175291712511824,7.76602967798657e-18
2.6,-2.75837868755099,-2.08552230198992e-15,-7.3369213613531e-16,69.5816269747941,-8.95513507263114e-15,-0.00689527368355119,-0.006895273683551,-0.0175291712511824,-0.0175291712511824,7.76602967798657e-18
2.62,-2.75607565656289,-5.08265099254873e-16,-4.07627239605602e-15,69.1843210125849,2.9676016398306e-15,-0.00688888582001015,-0.00688888582001015,-0.0175272975897315,-0.0175272975897315,-3.71365031821474e-17
2.64,-2.75607565656289,-5.08265099254873e-16,-4.07627239605602e-15,69.1843210125849,2.9676016398306e-15,-0.00688888582001015,-0.00688888582001015,-0.0175272975897315,-0.0175272975897315,-3.71365031821474e-17
2.66,-2.75408427729425,-5.17289442823202e-16,-2.83463716767026e-15,68.7873235688895,3.38777294585315e-15,-0.00688414955215727,-0.00688414955215727,-0.0175258278099138,-0.0175258278099136,5.73714816331715e-17
2.68,-2.75408427729425,-5.17289442823202e-16,-2.83463716767026e-15,68.7873235688895,3.38777294585315e-15,-0.00688414955215727,-0.00688414955215727,-0.0175258278099138,-0.0175258278099136,5.73714816331715e-17
2.7,-2.75226678729417,-5.23048843489282e-16,5.52702654147607e-16,68.3905982225659,-3.86137693308547e-15,-0.00688028049758621,-0.00688028049758621,-0.0175247324541331,-0.0175247324541331,2.16147637359181e-17
2.72,-2.75226678729417,-5.23048843489282e-16,5.52702654147607e-16,68.3905982225659,-3.86137693308547e-15,-0.00688028049758621,-0.00688028049758621,-0.0175247324541331,-0.0175247324541331,2.16147637359181e-17
2.74,-2.75077473352106,-1.53258793878667e-16,1.82328639735992e-15,67.9941204112225,-1.07534543449478e-14,-0.00687819612526551,-0.00687819612526551,-0.0175237768059017,-0.0175237768059017,-4.31909354247922e-17
2.76,-2.75077473352106,-1.53258793878667e-16,1.82328639735992e-15,67.9941204112225,-1.07534543449478e-14,-0.00687819612526551,-0.00687819612526551,-0.0175237768059017,-0.0175237768059017,-4.31909354247922e-17
2.78,-2.75013604734525,-9.948484705959e-16,-1.87731832248485e-15,67.5977953162089,-3.97175580810373e-15,-0.00688096626402168,-0.00688096626402168,-0.0175231292455231,-0.0175231292455231,-2.04185729687543e-16
2.8,-2.75013604734525,-9.948484705959e-16,-1.87731832248485e-15,67.5977953162089,-3.97175580810373e-15,-0.00688096626402168,-0.00688096626402168,-0.0175231292455231,-0.0175231292455231,-2.04185729687543e-16
2.82,-2.75004113244039,6.84205189151e-16,-2.46611544087445e-15,67.2015174750737,4.23564744707087e-15,-0.00688670104441572,-0.00688670104441572,-0.0175234608448059,-0.0175234608448059,-2.17929578635653e-16
2.84,-2.75004113244039,6.84205189151e-16,-2.46611544087445e-15,67.2015174750737,4.23564744707087e-15,-0.00688670104441572,-0.00688670104441572,-0.0175234608448059,-0.0175234608448059,-2.17929578635653e-16
2.86,-2.74998554729857,5.48829988033993e-16,2.96473751662732e-16,66.8052442397942,-1.26224498316156e-15,-0.00689245193994292,-0.00689245193994273,-0.0175245248702701,-0.0175245248702701,-1.7019329041157e-16
2.88,-2.74998554729857,5.48829988033993e-16,2.96473751662732e-16,66.8052442397942,-1.26224498316156e-15,-0.00689245193994292,-0.00689245193994273,-0.0175245248702701,-0.0175245248702701,-1.7019329041157e-16
2.9,-2.7494938499004,-6.59653346798586e-16,1.20808554728838e-15,66.4090054385805,-3.71141231252216e-15,-0.00689558039791774,-0.00689558039791755,-0.017525422543627,-0.017525422543627,-2.31983937414485e-16
2.92,-2.7494938499004,-6.59653346798586e-16,1.20808554728838e-15,66.4090054385805,-3.71141231252216e-15,-0.00689558039791774,-0.00689558039791755,-0.017525422543627,-0.017525422543627,-2.31983937414485e-16
2.94,-2.74824807562022,8.10334574467195e-16,2.05234724289292e-15,66.0128892742931,-5.44931526849125e-15,-0.00689438789920912,-0.00689438789920912,-0.0175255714615621,-0.0175255714615621,-2.92306200902382e-16
2.96,-2.74824807562022,8.10334574467195e-16,2.05234724289292e-15,66.0128892742931,-5.44931526849125e-15,-0.00689438789920912,-0.00689438789920912,-0.0175255714615621,-0.0175255714615621,-2.92306200902382e-16
2.98,-2.74613874707472,-7.43382232817463e-17,2.31413120079561e-15,65.6170146440701,-9.45794074772271e-15,-0.00688832558303451,-0.00688832558303451,-0.0175248511439153,-0.0175248511439153,-3.129060823114e-16
3,-2.74613874707472,-7.43382232817463e-17,2.31413120079561e-15,65.6170146440701,-9.45794074772271e-15,-0.00688832558303451,-0.00688832558303451,-0.0175248511439153,-0.0175248511439153,-3.129060823114e-16
3.02,-2.62702153646094,-6.73925556859985e-16,-2.04323186793177e-15,65.2240847987457,-2.56221674225791e-15,-0.0063051146428767,-0.0063051146428767,-0.0173269914250173,-0.0173269914250173,-3.82967278149995e-16
3.04,-2.62702153646094,-6.73925556859985e-16,-2.04323186793177e-15,65.2240847987457,-2.56221674225791e-15,-0.0063051146428767,-0.0063051146428767,-0.0173269914250173,-0.0173269914250173,-3.82967278149995e-16
3.06,-1.75429384513783,8.35385208430512e-16,-2.13379219096737e-15,64.9003648193902,2.57938498822315e-15,-0.00206286509628724,-0.00206286509628724,-0.0155369165363288,-0.0155369165363288,-3.173769357574e-16
3.08,-1.75429384513783,8.35385208430512e-16,-2.13379219096737e-15,64.9003648193902,2.57938498822315e-15,-0.00206286509628724,-0.00206286509628724,-0.0155369165363288,-0.0155369165363288,-3.173769357574e-16
3.1,-0.24819998786192,1.93324050184845e-15,2.0152586235948e-16,64.7478132390632,-1.31188099329914e-15,0.00471590437720855,0.00471590437720855,-0.0105883605860473,-0.0105883605860473,-1.3118311280996e-16
3.12,-0.24819998786192,1.93324050184845e-15,2.0152586235948e-16,64.7478132390632,-1.31188099329914e-15,0.00471590437720855,0.00471590437720855,-0.0105883605860473,-0.0105883605860473,-1.3118311280996e-16
3.14,1.13692720268226,-1.31100489923813e-16,9.03979981457084e-16,64.8229997883458,-4.38802722410258e-15,0.0108361067982706,0.0108361067982706,-0.0052424433370204,-0.0052424433370204,-6.08089558219657e-17
3.16,1.13692720268226,-1.31100489923813e-16,9.03979981457084e-16,64.8229997883458,-4.38802722410258e-15,0.0108361067982706,0.0108361067982706,-0.0052424433370204,-0.0052424433370204,-6.08089558219657e-17
3.18,1.84272045149619,-2.29523803590059e-16,-7.63540952857178e-16,65.0432885706584,-1.8306531988999e-15,0.014544275712153,0.014544275712153,-0.00280274324435041,-0.00280274324435041,-1.28475178183711e-16
3.2,1.84272045149619,-2.29523803590059e-16,-7.63540952857178e-16,65.0432885706584,-1.8306531988999e-15,0.014544275712153,0.014544275712153,-0.00280274324435041,-0.00280274324435041,-1.28475178183711e-16
3.22,2.22105982388048,3.39202394909554e-16,-2.96491845793421e-15,65.3388286912197,6.34032596390862e-15,0.0167340050647728,0.0167340050647728,-0.00163565348396023,-0.00163565348396023,-9.58426703586814e-17
3.24,2.22105982388048,3.39202394909554e-16,-2.96491845793421e-15,65.3388286912197,6.34032596390862e-15,0.0167340050647728,0.0167340050647728,-0.00163565348396023,-0.00163565348396023,-9.58426703586814e-17
3.26,2.43968770797046,1.19425427967866e-16,-3.55715366219372e-15,65.6760840927718,1.28141217655386e-14,0.0178793670249217,0.0178793670249217,-0.0010491945540014,-0.0010491945540014,9.02580059631598e-17
3.28,2.43968770797046,1.19425427967866e-16,-3.55715366219372e-15,65.6760840927718,1.28141217655386e-14,0.0178793670249217,0.0178793670249217,-0.0010491945540014,-0.0010491945540014,9.02580059631598e-17
3.3,2.56650572046469,1.2996861578766e-16,-1.75810904478353e-16,66.0375086003367,9.32332816537972e-15,0.0188189312826759,0.0188189312826761,-0.000764747261641257,-0.000764747261641257,1.96100856885705e-16
3.32,2.56650572046469,1.2996861578766e-16,-1.75810904478353e-16,66.0375086003367,9.32332816537972e-15,0.0188189312826759,0.0188189312826761,-0.000764747261641257,-0.000764747261641257,1.96100856885705e-16
3.34,2.64355334206895,-5.53426624462496e-16,2.12493362598889e-15,66.4134678447026,2.07710852644547e-15,0.0194706228652352,0.0194706228652354,-0.000642394519360988,-0.000642394519360988,1.09901088123184e-16
3.36,2.64355334206895,-5.53426624462496e-16,2.12493362598889e-15,66.4134678447026,2.07710852644547e-15,0.0194706228652352,0.0194706228652354,-0.000642394519360988,-0.000642394519360988,1.09901088123184e-16
3.38,2.68557979419623,1.44753504326129e-17,2.62765081152387e-15,66.7978025877888,-1.4437040222064e-15,0.0199611224839762,0.0199611224839764,-0.000580551643161716,-0.000580551643161716,-3.01743905453706e-17
3.4,2.68557979419623,1.44753504326129e-17,2.62765081152387e-15,66.7978025877888,-1.4437040222064e-15,0.0199611224839762,0.0199611224839764,-0.000580551643161716,-0.000580551643161716,-3.01743905453706e-17
3.42,2.70514907360815,5.5286393048672e-16,5.05760169117798e-15,67.1864384144848,-1.02292543067376e-14,0.0203261800076875,0.0203261800076873,-0.000548129602075439,-0.000548129602075439,-1.28746244420543e-16
3.44,2.70514907360815,5.5286393048672e-16,5.05760169117798e-15,67.1864384144848,-1.02292543067376e-14,0.0203261800076875,0.0203261800076873,-0.000548129602075439,-0.000548129602075439,-1.28746244420543e-16
3.46,2.7109708659386,8.50551492139483e-16,5.44358470560192e-15,67.5768006222675,-1.63070493757113e-14,0.0205297607176501,0.0205297607176501,-0.000531438865610705,-0.000531438865610705,-2.20178284671864e-16
3.48,2.7109708659386,8.50551492139483e-16,5.44358470560192e-15,67.5768006222675,-1.63070493757113e-14,0.0205297607176501,0.0205297607176501,-0.000531438865610705,-0.000531438865610705,-2.20178284671864e-16
3.5,2.70782956744093,6.15358263562151e-16,4.74592554651593e-15,67.9672823144028,-2.27396060052917e-14,0.0205843189722744,0.0205843189722744,-0.000541488917705692,-0.000541488917705692,-3.23289342627239e-16
3.52,2.70782956744093,6.15358263562151e-16,4.74592554651593e-15,67.9672823144028,-2.27396060052917e-14,0.0205843189722744,0.0205843189722744,-0.000541488917705692,-0.000541488917705692,-3.23289342627239e-16
3.54,2.70159326936522,7.7148618816568e-16,4.29320395117415e-15,68.3570713530147,-2.67026506128654e-14,0.0205301368031129,0.0205301368031129,-0.000547926823858628,-0.000547926823858628,-3.76882338288817e-16
3.56,2.70159326936522,7.7148618816568e-16,4.29320395117415e-15,68.3570713530147,-2.67026506128654e-14,0.0205301368031129,0.0205301368031129,-0.000547926823858628,-0.000547926823858628,-3.76882338288817e-16
3.58,2.69547446035416,-3.44315312330669e-17,6.75870761761073e-16,68.7459125784486,-2.2875921158043e-14,0.0204468079038714,0.0204468079038712,-0.000551306519663081,-0.000551306519663081,-4.24257646151894e-16
3.6,2.69547446035416,-3.44315312330669e-17,6.75870761761073e-16,68.7459125784486,-2.2875921158043e-14,0.0204468079038714,0.0204468079038712,-0.000551306519663081,-0.000551306519663081,-4.24257646151894e-16
3.62,2.69070495701586,-3.10523693426983e-16,-1.40359012541016e-15,69.1339706311698,-2.03985777872159e-14,0.0203830653972453,0.0203830653972453,-0.000553230149902907,-0.000553230149902907,-4.0305130791113e-16
3.64,2.69070495701586,-3.10523693426983e-16,-1.40359012541016e-15,69.1339706311698,-2.03985777872159e-14,0.0203830653972453,0.0203830653972453,-0.000553230149902907,-0.000553230149902907,-4.0305130791113e-16
3.66,2.68698831562555,-1.26549356079653e-16,-3.45223644991206e-15,69.5214204885949,-1.39962314967681e-14,0.0203459690708247,0.0203459690708247,-0.000554412658289636,-0.000554412658289636,-3.17648107746549e-16
3.68,2.68698831562555,-1.26549356079653e-16,-3.45223644991206e-15,69.5214204885949,-1.39962314967681e-14,0.0203459690708247,0.0203459690708247,-0.000554412658289636,-0.000554412658289636,-3.17648107746549e-16
3.7,2.68396214545584,-1.14393624927649e-17,-2.63057587350435e-15,69.9083880868269,-1.36118061052354e-14,0.0203270154735435,0.0203270154735437,-0.000555224729823126,-0.000555224729823126,-2.01955078058771e-16
3.72,2.68396214545584,-1.14393624927649e-17,-2.63057587350435e-15,69.9083880868269,-1.36118061052354e-14,0.0203270154735435,0.0203270154735437,-0.000555224729823126,-0.000555224729823126,-2.01955078058771e-16
3.74,2.68129517620038,-5.28087742270745e-16,-2.25406625651223e-15,70.2949484336106,-1.21281010610212e-14,0.0203150374894764,0.0203150374894764,-0.000555839687962659,-0.000555839687962659,-1.41971725063023e-16
3.76,2.68129517620038,-5.28087742270745e-16,-2.25406625651223e-15,70.2949484336106,-1.21281010610212e-14,0.0203150374894764,0.0203150374894764,-0.000555839687962659,-0.000555839687962659,-1.41971725063023e-16
3.78,2.67874299441283,-5.65051263772168e-16,-2.6208905167414e-15,70.6811346419953,-9.40328876776562e-15,0.0203030809634984,0.0203030809634983,-0.000556325512956799,-0.000556325512956799,-1.02956812968396e-16
3.8,2.67874299441283,-5.65051263772168e-16,-2.6208905167414e-15,70.6811346419953,-9.40328876776562e-15,0.0203030809634984,0.0203030809634983,-0.000556325512956799,-0.000556325512956799,-1.02956812968396e-16
3.82,2.67616428193684,-6.39442020694278e-16,-1.68684354711484e-15,71.0669518896761,-9.74877141839569e-15,0.0202889718077348,0.0202889718077348,-0.000556712127738701,-0.000556712127738701,-5.3197911270408e-17
3.84,2.67616428193684,-6.39442020694278e-16,-1.68684354711484e-15,71.0669518896761,-9.74877141839569e-15,0.0202889718077348,0.0202889718077348,-0.000556712127738701,-0.000556712127738701,-5.3197911270408e-17
3.86,2.67350627204274,-4.87901696604422e-16,-2.54969542721146e-15,71.4523917455793,-6.03264222474367e-15,0.0202730355401492,0.0202730355401492,-0.000557031008448768,-0.000557031008448768,-1.14527802656351e-17
3.88,2.67350627204274,-4.87901696604422e-16,-2.54969542721146e-15,71.4523917455793,-6.03264222474367e-15,0.0202730355401492,0.0202730355401492,-0.000557031008448768,-0.000557031008448768,-1.14527802656351e-17
3.9,2.67077430764644,-4.88924679447152e-16,-2.49310457347932e-15,71.8374427345226,-2.56499523725931e-15,0.0202562521261028,0.0202562521261028,-0.000557302478853409,-0.000557302478853409,4.78421256280907e-17
3.92,2.67077430764644,-4.88924679447152e-16,-2.49310457347932e-15,71.8374427345226,-2.56499523725931e-15,0.0202562521261028,0.0202562521261028,-0.000557302478853409,-0.000557302478853409,4.78421256280907e-17
3.94,2.66800102101361,-2.77162689951376e-16,-4.44780345888092e-16,72.2220964296435,-4.37148506467195e-15,0.0202393973640291,0.0202393973640289,-0.000557542387333412,-0.000557542387333412,7.51539488057875e-17
3.96,2.66800102101361,-2.77162689951376e-16,-4.44780345888092e-16,72.2220964296435,-4.37148506467195e-15,0.0202393973640291,0.0202393973640289,-0.000557542387333412,-0.000557542387333412,7.51539488057875e-17
3.98,2.66522278593577,-1.43663745659378e-16,-5.07980421631844e-16,72.606349596791,-3.91885907589365e-15,0.0202228892702589,0.0202228892702589,-0.000557760585912383,-0.000557760585912383,2.78826297255847e-17
4,2.66522278593577,-1.43663745659378e-16,-5.07980421631844e-16,72.606349596791,-3.91885907589365e-15,0.0202228892702589,0.0202228892702589,-0.000557760585912383,-0.000557760585912383,2.78826297255847e-17
